<?xml version="1.0" encoding="UTF-8"?>
<export version="D">
  <design>
    <source>/home/christian.terrado/ChristianVNADesignV3/NewVNA/NewVNA.sch</source>
    <date>Sun 19 May 2019 09:14:53 PM PDT</date>
    <tool>Eeschema 5.1.2-f72e74a~84~ubuntu18.04.1</tool>
    <sheet number="1" name="/" tstamps="/">
      <title_block>
        <title>Audio VNA PCB</title>
        <company>Walla Walla University</company>
        <rev>CAT V.2</rev>
        <date>2019-05-16</date>
        <source>NewVNA.sch</source>
        <comment number="1" value="Christian Angelo Cudiamat Terrado"/>
        <comment number="2" value=""/>
        <comment number="3" value=""/>
        <comment number="4" value=""/>
      </title_block>
    </sheet>
  </design>
  <components>
    <comp ref="R2">
      <value>R</value>
      <footprint>Resistor_SMD:R_0805_2012Metric</footprint>
      <datasheet>~</datasheet>
      <libsource lib="Device" part="R" description="Resistor"/>
      <sheetpath names="/" tstamps="/"/>
      <tstamp>5CD4B4B1</tstamp>
    </comp>
    <comp ref="R7">
      <value>R</value>
      <footprint>Resistor_SMD:R_0805_2012Metric</footprint>
      <datasheet>~</datasheet>
      <libsource lib="Device" part="R" description="Resistor"/>
      <sheetpath names="/" tstamps="/"/>
      <tstamp>5CD4C0CF</tstamp>
    </comp>
    <comp ref="R3">
      <value>R</value>
      <footprint>Resistor_SMD:R_0805_2012Metric</footprint>
      <datasheet>~</datasheet>
      <libsource lib="Device" part="R" description="Resistor"/>
      <sheetpath names="/" tstamps="/"/>
      <tstamp>5CD4CCBC</tstamp>
    </comp>
    <comp ref="R4">
      <value>R/2</value>
      <footprint>Resistor_SMD:R_0805_2012Metric</footprint>
      <datasheet>~</datasheet>
      <libsource lib="Device" part="R" description="Resistor"/>
      <sheetpath names="/" tstamps="/"/>
      <tstamp>5CD54F26</tstamp>
    </comp>
    <comp ref="R6">
      <value>R/2</value>
      <footprint>Resistor_SMD:R_0805_2012Metric</footprint>
      <datasheet>~</datasheet>
      <libsource lib="Device" part="R" description="Resistor"/>
      <sheetpath names="/" tstamps="/"/>
      <tstamp>5CD5521B</tstamp>
    </comp>
    <comp ref="R1">
      <value>4R</value>
      <footprint>Resistor_SMD:R_0805_2012Metric</footprint>
      <datasheet>~</datasheet>
      <libsource lib="Device" part="R" description="Resistor"/>
      <sheetpath names="/" tstamps="/"/>
      <tstamp>5CD5544F</tstamp>
    </comp>
    <comp ref="R8">
      <value>4R</value>
      <footprint>Resistor_SMD:R_0805_2012Metric</footprint>
      <datasheet>~</datasheet>
      <libsource lib="Device" part="R" description="Resistor"/>
      <sheetpath names="/" tstamps="/"/>
      <tstamp>5CD9228E</tstamp>
    </comp>
    <comp ref="C1">
      <value>C</value>
      <footprint>Capacitor_SMD:C_0805_2012Metric</footprint>
      <datasheet>~</datasheet>
      <libsource lib="Device" part="C" description="Unpolarized capacitor"/>
      <sheetpath names="/" tstamps="/"/>
      <tstamp>5CDC54F0</tstamp>
    </comp>
    <comp ref="JP1">
      <value>Jumper_3_Bridged12</value>
      <footprint>Connector:FanPinHeader_1x03_P2.54mm_Vertical</footprint>
      <datasheet>~</datasheet>
      <libsource lib="Jumper" part="Jumper_3_Bridged12" description="Jumper, 3-pole, pins 1+2 closed/bridged"/>
      <sheetpath names="/" tstamps="/"/>
      <tstamp>5CDBD759</tstamp>
    </comp>
    <comp ref="J4">
      <value>Conn_01x03</value>
      <footprint>282836-3:TE_282836-3</footprint>
      <datasheet>https://www.te.com/commerce/DocumentDelivery/DDEController?Action=srchrtrv&amp;DocNm=282836&amp;DocType=Customer+Drawing&amp;DocLang=English</datasheet>
      <libsource lib="Connector_Generic" part="Conn_01x03" description="Generic connector, single row, 01x03, script generated (kicad-library-utils/schlib/autogen/connector/)"/>
      <sheetpath names="/" tstamps="/"/>
      <tstamp>5CE0CC52</tstamp>
    </comp>
    <comp ref="U1">
      <value>TL071</value>
      <footprint>Package_SO:SOIC-8_3.9x4.9mm_P1.27mm</footprint>
      <datasheet>http://www.ti.com/lit/ds/symlink/tl071.pdf</datasheet>
      <libsource lib="Amplifier_Operational" part="TL071" description="Single Low-Noise JFET-Input Operational Amplifiers, DIP-8/SOIC-8"/>
      <sheetpath names="/" tstamps="/"/>
      <tstamp>5CE42D31</tstamp>
    </comp>
    <comp ref="J2">
      <value>AudioJack3</value>
      <footprint>3.5mmStereo:Tayda_3.5mm_stereo_TRS_jack_A-853</footprint>
      <datasheet>https://www.cui.com/product/resource/sj1-352xn-series.pdf</datasheet>
      <libsource lib="Connector_edit" part="AudioJack3" description="Audio Jack, 3 Poles (Stereo / TRS)"/>
      <sheetpath names="/" tstamps="/"/>
      <tstamp>5CE92B9C</tstamp>
    </comp>
    <comp ref="J1">
      <value>AudioJack3</value>
      <footprint>3.5mmStereo:Tayda_3.5mm_stereo_TRS_jack_A-853</footprint>
      <datasheet>https://www.cui.com/product/resource/sj1-352xn-series.pdf</datasheet>
      <libsource lib="Connector_edit" part="AudioJack3" description="Audio Jack, 3 Poles (Stereo / TRS)"/>
      <sheetpath names="/" tstamps="/"/>
      <tstamp>5CE96984</tstamp>
    </comp>
    <comp ref="J3">
      <value>AudioJack3</value>
      <footprint>3.5mmStereo:Tayda_3.5mm_stereo_TRS_jack_A-853</footprint>
      <datasheet>https://www.cui.com/product/resource/sj1-352xn-series.pdf</datasheet>
      <libsource lib="Connector_edit" part="AudioJack3" description="Audio Jack, 3 Poles (Stereo / TRS)"/>
      <sheetpath names="/" tstamps="/"/>
      <tstamp>5CE96ECF</tstamp>
    </comp>
  </components>
  <libparts>
    <libpart lib="Amplifier_Operational" part="LM741">
      <aliases>
        <alias>AD8610</alias>
        <alias>LF155</alias>
        <alias>LF156</alias>
        <alias>LF256</alias>
        <alias>LF257</alias>
        <alias>LF355</alias>
        <alias>LF356</alias>
        <alias>LF357</alias>
        <alias>TL081</alias>
        <alias>TL061</alias>
        <alias>TL071</alias>
      </aliases>
      <description>Operational Amplifier, DIP-8/TO-99-8</description>
      <docs>http://www.ti.com/lit/ds/symlink/lm741.pdf</docs>
      <footprints>
        <fp>SOIC*3.9x4.9mm*P1.27mm*</fp>
        <fp>DIP*W7.62mm*</fp>
        <fp>TSSOP*3x3mm*P0.65mm*</fp>
      </footprints>
      <fields>
        <field name="Reference">U</field>
        <field name="Value">LM741</field>
      </fields>
      <pins>
        <pin num="1" name="NULL" type="input"/>
        <pin num="2" name="-" type="input"/>
        <pin num="3" name="+" type="input"/>
        <pin num="4" name="V-" type="power_in"/>
        <pin num="5" name="NULL" type="input"/>
        <pin num="6" name="~" type="output"/>
        <pin num="7" name="V+" type="power_in"/>
        <pin num="8" name="NC" type="NotConnected"/>
      </pins>
    </libpart>
    <libpart lib="Connector_Generic" part="Conn_01x03">
      <description>Generic connector, single row, 01x03, script generated (kicad-library-utils/schlib/autogen/connector/)</description>
      <docs>~</docs>
      <footprints>
        <fp>Connector*:*_1x??_*</fp>
      </footprints>
      <fields>
        <field name="Reference">J</field>
        <field name="Value">Conn_01x03</field>
      </fields>
      <pins>
        <pin num="1" name="Pin_1" type="passive"/>
        <pin num="2" name="Pin_2" type="passive"/>
        <pin num="3" name="Pin_3" type="passive"/>
      </pins>
    </libpart>
    <libpart lib="Connector_edit" part="AudioJack3">
      <description>Audio Jack, 3 Poles (Stereo / TRS)</description>
      <docs>~</docs>
      <footprints>
        <fp>Jack*</fp>
      </footprints>
      <fields>
        <field name="Reference">J</field>
        <field name="Value">AudioJack3</field>
      </fields>
      <pins>
        <pin num="1" name="S" type="passive"/>
        <pin num="2" name="T" type="passive"/>
        <pin num="3" name="R" type="passive"/>
      </pins>
    </libpart>
    <libpart lib="Device" part="C">
      <description>Unpolarized capacitor</description>
      <docs>~</docs>
      <footprints>
        <fp>C_*</fp>
      </footprints>
      <fields>
        <field name="Reference">C</field>
        <field name="Value">C</field>
      </fields>
      <pins>
        <pin num="1" name="~" type="passive"/>
        <pin num="2" name="~" type="passive"/>
      </pins>
    </libpart>
    <libpart lib="Device" part="R">
      <description>Resistor</description>
      <docs>~</docs>
      <footprints>
        <fp>R_*</fp>
      </footprints>
      <fields>
        <field name="Reference">R</field>
        <field name="Value">R</field>
      </fields>
      <pins>
        <pin num="1" name="~" type="passive"/>
        <pin num="2" name="~" type="passive"/>
      </pins>
    </libpart>
    <libpart lib="Jumper" part="Jumper_3_Bridged12">
      <description>Jumper, 3-pole, pins 1+2 closed/bridged</description>
      <docs>~</docs>
      <footprints>
        <fp>SolderJumper*Bridged12*</fp>
      </footprints>
      <fields>
        <field name="Reference">JP</field>
        <field name="Value">Jumper_3_Bridged12</field>
      </fields>
      <pins>
        <pin num="1" name="A" type="passive"/>
        <pin num="2" name="C" type="input"/>
        <pin num="3" name="B" type="passive"/>
      </pins>
    </libpart>
  </libparts>
  <libraries>
    <library logical="Amplifier_Operational">
      <uri>/usr/share/kicad/library/Amplifier_Operational.lib</uri>
    </library>
    <library logical="Connector_Generic">
      <uri>/usr/share/kicad/library/Connector_Generic.lib</uri>
    </library>
    <library logical="Connector_edit">
      <uri>/home/christian.terrado/ChristianVNADesignV3/NewVNA/Connector_edit.lib</uri>
    </library>
    <library logical="Device">
      <uri>/usr/share/kicad/library/Device.lib</uri>
    </library>
    <library logical="Jumper">
      <uri>/usr/share/kicad/library/Jumper.lib</uri>
    </library>
  </libraries>
  <nets>
    <net code="1" name="Net-(J3-Pad2)">
      <node ref="J3" pin="2"/>
      <node ref="JP1" pin="3"/>
    </net>
    <net code="2" name="Net-(JP1-Pad2)">
      <node ref="JP1" pin="2"/>
      <node ref="R6" pin="1"/>
      <node ref="R7" pin="2"/>
    </net>
    <net code="3" name="Net-(J3-Pad3)">
      <node ref="J3" pin="3"/>
      <node ref="JP1" pin="1"/>
    </net>
    <net code="4" name="Net-(R6-Pad2)">
      <node ref="R8" pin="2"/>
      <node ref="U1" pin="3"/>
      <node ref="R6" pin="2"/>
    </net>
    <net code="5" name="Net-(J2-Pad3)">
      <node ref="R2" pin="1"/>
      <node ref="J2" pin="3"/>
      <node ref="R7" pin="1"/>
    </net>
    <net code="6" name="Net-(J1-Pad2)">
      <node ref="J1" pin="2"/>
      <node ref="J2" pin="2"/>
    </net>
    <net code="7" name="GND">
      <node ref="R8" pin="1"/>
      <node ref="R3" pin="2"/>
      <node ref="J3" pin="1"/>
      <node ref="J1" pin="1"/>
      <node ref="J4" pin="1"/>
      <node ref="J2" pin="1"/>
    </net>
    <net code="8" name="Net-(J1-Pad3)">
      <node ref="R1" pin="2"/>
      <node ref="U1" pin="6"/>
      <node ref="J1" pin="3"/>
    </net>
    <net code="9" name="+15V">
      <node ref="U1" pin="7"/>
      <node ref="C1" pin="1"/>
      <node ref="J4" pin="2"/>
    </net>
    <net code="10" name="-15V">
      <node ref="C1" pin="2"/>
      <node ref="J4" pin="3"/>
      <node ref="U1" pin="4"/>
    </net>
    <net code="11" name="Net-(U1-Pad5)">
      <node ref="U1" pin="5"/>
    </net>
    <net code="12" name="Net-(U1-Pad1)">
      <node ref="U1" pin="1"/>
    </net>
    <net code="13" name="Net-(U1-Pad8)">
      <node ref="U1" pin="8"/>
    </net>
    <net code="14" name="Net-(R1-Pad1)">
      <node ref="R1" pin="1"/>
      <node ref="U1" pin="2"/>
      <node ref="R4" pin="2"/>
    </net>
    <net code="15" name="Net-(R2-Pad2)">
      <node ref="R4" pin="1"/>
      <node ref="R3" pin="1"/>
      <node ref="R2" pin="2"/>
    </net>
  </nets>
</export>
