<?xml version="1.0" encoding="UTF-8"?>
<export version="D">
  <design>
    <source>C:\Users\gener\Documents\KiCAD\VNA2019_KiCad\VNA2019Soundcard\VNA2019soundcard.sch</source>
    <date>5/14/2019 2:36:34 PM</date>
    <tool>Eeschema (5.1.2)-1</tool>
    <sheet number="1" name="/" tstamps="/">
      <title_block>
        <title/>
        <company/>
        <rev/>
        <date/>
        <source>VNA2019soundcard.sch</source>
        <comment number="1" value=""/>
        <comment number="2" value=""/>
        <comment number="3" value=""/>
        <comment number="4" value=""/>
      </title_block>
    </sheet>
  </design>
  <components>
    <comp ref="R2">
      <value>R</value>
      <footprint>Resistors_SMD:R_0805</footprint>
      <datasheet>~</datasheet>
      <libsource lib="Device" part="R" description="Resistor"/>
      <sheetpath names="/" tstamps="/"/>
      <tstamp>5CD4B4B1</tstamp>
    </comp>
    <comp ref="R7">
      <value>R</value>
      <footprint>Resistors_SMD:R_0805</footprint>
      <datasheet>~</datasheet>
      <libsource lib="Device" part="R" description="Resistor"/>
      <sheetpath names="/" tstamps="/"/>
      <tstamp>5CD4C0CF</tstamp>
    </comp>
    <comp ref="R3">
      <value>R</value>
      <footprint>Resistors_SMD:R_0805</footprint>
      <datasheet>~</datasheet>
      <libsource lib="Device" part="R" description="Resistor"/>
      <sheetpath names="/" tstamps="/"/>
      <tstamp>5CD4CCBC</tstamp>
    </comp>
    <comp ref="U1">
      <value>OP179GRT</value>
      <footprint>Package_TO_SOT_SMD:SOT-23-5</footprint>
      <datasheet>https://www.analog.com/media/en/technical-documentation/data-sheets/OP179_279.pdf</datasheet>
      <libsource lib="Amplifier_Operational" part="OP179GRT" description="Single Rail-to-Rail High Output Current Operational Amplifiers, SOT-23-5"/>
      <sheetpath names="/" tstamps="/"/>
      <tstamp>5CD504B4</tstamp>
    </comp>
    <comp ref="R4">
      <value>R</value>
      <footprint>Resistors_SMD:R_0805</footprint>
      <datasheet>~</datasheet>
      <libsource lib="Device" part="R" description="Resistor"/>
      <sheetpath names="/" tstamps="/"/>
      <tstamp>5CD54F26</tstamp>
    </comp>
    <comp ref="R6">
      <value>R</value>
      <footprint>Resistors_SMD:R_0805</footprint>
      <datasheet>~</datasheet>
      <libsource lib="Device" part="R" description="Resistor"/>
      <sheetpath names="/" tstamps="/"/>
      <tstamp>5CD5521B</tstamp>
    </comp>
    <comp ref="R1">
      <value>R</value>
      <footprint>Resistors_SMD:R_0805</footprint>
      <datasheet>~</datasheet>
      <libsource lib="Device" part="R" description="Resistor"/>
      <sheetpath names="/" tstamps="/"/>
      <tstamp>5CD5544F</tstamp>
    </comp>
    <comp ref="J1">
      <value>AudioJack3</value>
      <footprint>Connector_Audio:Jack_3.5mm_CUI_SJ-3523-SMT_Horizontal</footprint>
      <datasheet>~</datasheet>
      <libsource lib="Connector" part="AudioJack3" description="Audio Jack, 3 Poles (Stereo / TRS)"/>
      <sheetpath names="/" tstamps="/"/>
      <tstamp>5CD5A577</tstamp>
    </comp>
    <comp ref="J2">
      <value>AudioJack3</value>
      <footprint>Connector_Audio:Jack_3.5mm_CUI_SJ-3523-SMT_Horizontal</footprint>
      <datasheet>~</datasheet>
      <libsource lib="Connector" part="AudioJack3" description="Audio Jack, 3 Poles (Stereo / TRS)"/>
      <sheetpath names="/" tstamps="/"/>
      <tstamp>5CD5B4E3</tstamp>
    </comp>
    <comp ref="J3">
      <value>AudioJack3</value>
      <footprint>Connector_Audio:Jack_3.5mm_CUI_SJ-3523-SMT_Horizontal</footprint>
      <datasheet>~</datasheet>
      <libsource lib="Connector" part="AudioJack3" description="Audio Jack, 3 Poles (Stereo / TRS)"/>
      <sheetpath names="/" tstamps="/"/>
      <tstamp>5CD65D54</tstamp>
    </comp>
    <comp ref="R8">
      <value>R</value>
      <footprint>Resistors_SMD:R_0805</footprint>
      <datasheet>~</datasheet>
      <libsource lib="Device" part="R" description="Resistor"/>
      <sheetpath names="/" tstamps="/"/>
      <tstamp>5CD9228E</tstamp>
    </comp>
    <comp ref="JP1">
      <value>Jumper_3_Bridged12</value>
      <footprint>Jumper:SolderJumper-3_P1.3mm_Bridged12_RoundedPad1.0x1.5mm_NumberLabels</footprint>
      <datasheet>~</datasheet>
      <libsource lib="Jumper" part="Jumper_3_Bridged12" description="Jumper, 3-pole, pins 1+2 closed/bridged"/>
      <sheetpath names="/" tstamps="/"/>
      <tstamp>5CDBD759</tstamp>
    </comp>
    <comp ref="C1">
      <value>C</value>
      <footprint>Capacitors_SMD:C_0805</footprint>
      <datasheet>~</datasheet>
      <libsource lib="Device" part="C" description="Unpolarized capacitor"/>
      <sheetpath names="/" tstamps="/"/>
      <tstamp>5CDC54F0</tstamp>
    </comp>
    <comp ref="J4">
      <value>Conn_01x02</value>
      <datasheet>~</datasheet>
      <libsource lib="Connector_Generic" part="Conn_01x02" description="Generic connector, single row, 01x02, script generated (kicad-library-utils/schlib/autogen/connector/)"/>
      <sheetpath names="/" tstamps="/"/>
      <tstamp>5CDBA02E</tstamp>
    </comp>
  </components>
  <libparts>
    <libpart lib="Amplifier_Operational" part="OP179GRT">
      <description>Single Rail-to-Rail High Output Current Operational Amplifiers, SOT-23-5</description>
      <docs>https://www.analog.com/media/en/technical-documentation/data-sheets/OP179_279.pdf</docs>
      <footprints>
        <fp>SOT?23*</fp>
      </footprints>
      <fields>
        <field name="Reference">U</field>
        <field name="Value">OP179GRT</field>
        <field name="Footprint">Package_TO_SOT_SMD:SOT-23-5</field>
      </fields>
      <pins>
        <pin num="1" name="~" type="output"/>
        <pin num="2" name="V+" type="power_in"/>
        <pin num="3" name="+" type="input"/>
        <pin num="4" name="-" type="input"/>
        <pin num="5" name="V-" type="power_in"/>
      </pins>
    </libpart>
    <libpart lib="Connector" part="AudioJack3">
      <description>Audio Jack, 3 Poles (Stereo / TRS)</description>
      <docs>~</docs>
      <footprints>
        <fp>Jack*</fp>
      </footprints>
      <fields>
        <field name="Reference">J</field>
        <field name="Value">AudioJack3</field>
      </fields>
      <pins>
        <pin num="R" name="~" type="passive"/>
        <pin num="S" name="~" type="passive"/>
        <pin num="T" name="~" type="passive"/>
      </pins>
    </libpart>
    <libpart lib="Connector_Generic" part="Conn_01x02">
      <description>Generic connector, single row, 01x02, script generated (kicad-library-utils/schlib/autogen/connector/)</description>
      <docs>~</docs>
      <footprints>
        <fp>Connector*:*_1x??_*</fp>
      </footprints>
      <fields>
        <field name="Reference">J</field>
        <field name="Value">Conn_01x02</field>
      </fields>
      <pins>
        <pin num="1" name="Pin_1" type="passive"/>
        <pin num="2" name="Pin_2" type="passive"/>
      </pins>
    </libpart>
    <libpart lib="Device" part="C">
      <description>Unpolarized capacitor</description>
      <docs>~</docs>
      <footprints>
        <fp>C_*</fp>
      </footprints>
      <fields>
        <field name="Reference">C</field>
        <field name="Value">C</field>
      </fields>
      <pins>
        <pin num="1" name="~" type="passive"/>
        <pin num="2" name="~" type="passive"/>
      </pins>
    </libpart>
    <libpart lib="Device" part="R">
      <description>Resistor</description>
      <docs>~</docs>
      <footprints>
        <fp>R_*</fp>
      </footprints>
      <fields>
        <field name="Reference">R</field>
        <field name="Value">R</field>
      </fields>
      <pins>
        <pin num="1" name="~" type="passive"/>
        <pin num="2" name="~" type="passive"/>
      </pins>
    </libpart>
    <libpart lib="Jumper" part="Jumper_3_Bridged12">
      <description>Jumper, 3-pole, pins 1+2 closed/bridged</description>
      <docs>~</docs>
      <footprints>
        <fp>SolderJumper*Bridged12*</fp>
      </footprints>
      <fields>
        <field name="Reference">JP</field>
        <field name="Value">Jumper_3_Bridged12</field>
      </fields>
      <pins>
        <pin num="1" name="A" type="passive"/>
        <pin num="2" name="C" type="input"/>
        <pin num="3" name="B" type="passive"/>
      </pins>
    </libpart>
  </libparts>
  <libraries>
    <library logical="Amplifier_Operational">
      <uri>C:\Program Files\KiCad\share\kicad\library/Amplifier_Operational.lib</uri>
    </library>
    <library logical="Connector">
      <uri>C:\Program Files\KiCad\share\kicad\library/Connector.lib</uri>
    </library>
    <library logical="Connector_Generic">
      <uri>C:\Program Files\KiCad\share\kicad\library/Connector_Generic.lib</uri>
    </library>
    <library logical="Device">
      <uri>C:\Program Files\KiCad\share\kicad\library/Device.lib</uri>
    </library>
    <library logical="Jumper">
      <uri>C:\Program Files\KiCad\share\kicad\library/Jumper.lib</uri>
    </library>
  </libraries>
  <nets>
    <net code="1" name="Net-(J3-PadR)">
      <node ref="JP1" pin="1"/>
      <node ref="J3" pin="R"/>
    </net>
    <net code="2" name="Net-(J3-PadT)">
      <node ref="JP1" pin="3"/>
      <node ref="J3" pin="T"/>
    </net>
    <net code="3" name="-15V">
      <node ref="J2" pin="S"/>
      <node ref="C1" pin="2"/>
      <node ref="J4" pin="1"/>
      <node ref="J1" pin="S"/>
      <node ref="R6" pin="1"/>
      <node ref="R7" pin="2"/>
      <node ref="R3" pin="2"/>
      <node ref="U1" pin="5"/>
      <node ref="R8" pin="1"/>
      <node ref="J3" pin="S"/>
      <node ref="JP1" pin="2"/>
    </net>
    <net code="4" name="+15V">
      <node ref="U1" pin="2"/>
      <node ref="C1" pin="1"/>
      <node ref="J4" pin="2"/>
    </net>
    <net code="5" name="Net-(R1-Pad1)">
      <node ref="U1" pin="4"/>
      <node ref="R1" pin="1"/>
      <node ref="R4" pin="2"/>
    </net>
    <net code="6" name="Net-(R6-Pad2)">
      <node ref="U1" pin="3"/>
      <node ref="R8" pin="2"/>
      <node ref="R6" pin="2"/>
    </net>
    <net code="7" name="Net-(R2-Pad2)">
      <node ref="R3" pin="1"/>
      <node ref="R4" pin="1"/>
      <node ref="R2" pin="2"/>
    </net>
    <net code="8" name="Net-(J2-PadR)">
      <node ref="R1" pin="2"/>
      <node ref="J2" pin="R"/>
      <node ref="U1" pin="1"/>
    </net>
    <net code="9" name="Net-(J1-PadR)">
      <node ref="R2" pin="1"/>
      <node ref="R7" pin="1"/>
      <node ref="J1" pin="R"/>
    </net>
    <net code="10" name="Net-(J1-PadT)">
      <node ref="J1" pin="T"/>
      <node ref="J2" pin="T"/>
    </net>
  </nets>
</export>
